<?xml version = '1.0' encoding = 'UTF-8'?>
<Entity class="oracle.dbtools.crest.model.design.logical.Entity" directorySegmentName="seg_0" id="043BFB2B-496F-E41C-E8E7-AACFB32AE8F2" name="Clasificacion">
<createdBy>1gdaw03</createdBy>
<createdTime>2024-04-23 11:41:07 UTC</createdTime>
<ownerDesignName>MER RETO</ownerDesignName>
<engineerTo>
<item key="1DE8E9BE-AAB6-9B0B-CD23-E6DF8AC594DC" value="true"/>
</engineerTo>
<adequatelyNormalized>NO</adequatelyNormalized>
<expectedVolumes>0</expectedVolumes>
<fwdEngineeringStrategyName>Single Table</fwdEngineeringStrategyName>
<growthPercent>0</growthPercent>
<growthType>Year</growthType>
<maxVolumes>9999999</maxVolumes>
<minVolumes>0</minVolumes>
<normalForm>Third</normalForm>
<attributes itemClass="oracle.dbtools.crest.model.design.logical.Attribute">
<Attribute name="id_clasificacion" id="C9E65200-F973-B7CF-1D96-F50DFBFA5E53">
<createdBy>1gdaw03</createdBy>
<createdTime>2024-04-23 11:48:29 UTC</createdTime>
<ownerDesignName>MER RETO</ownerDesignName>
<engineerTo>
<item key="1DE8E9BE-AAB6-9B0B-CD23-E6DF8AC594DC" value="true"/>
</engineerTo>
<useDomainConstraints>false</useDomainConstraints>
<use>1</use>
<logicalDatatype>LOGDT019</logicalDatatype>
<ownDataTypeParameters>,,</ownDataTypeParameters>
</Attribute>
<Attribute name="Resultado" id="95B32A66-0F42-055A-4D84-6DCD298B8E93">
<createdBy>1gdaw03</createdBy>
<createdTime>2024-04-23 11:41:15 UTC</createdTime>
<ownerDesignName>MER RETO</ownerDesignName>
<engineerTo>
<item key="1DE8E9BE-AAB6-9B0B-CD23-E6DF8AC594DC" value="true"/>
</engineerTo>
<nullsAllowed>true</nullsAllowed>
<useDomainConstraints>false</useDomainConstraints>
<use>1</use>
<logicalDatatype>LOGDT028</logicalDatatype>
<ownDataTypeParameters>,,</ownDataTypeParameters>
</Attribute>
</attributes>
<identifiers itemClass="oracle.dbtools.crest.model.design.logical.CandidateKey">
<identifier id="4D6A0FBD-9C9A-D46F-3A68-8457CF601FED" name="Clasificacion PK">
<createdBy>1gdaw03</createdBy>
<createdTime>2024-04-23 11:48:43 UTC</createdTime>
<ownerDesignName>MER RETO</ownerDesignName>
<engineerTo>
<item key="1DE8E9BE-AAB6-9B0B-CD23-E6DF8AC594DC" value="true"/>
</engineerTo>
<pk>true</pk>
<usedAttributes>
<attributeRef>C9E65200-F973-B7CF-1D96-F50DFBFA5E53</attributeRef>
</usedAttributes>
</identifier>
</identifiers>
</Entity>