<?xml version = '1.0' encoding = 'UTF-8'?>
<Entity class="oracle.dbtools.crest.model.design.logical.Entity" directorySegmentName="seg_0" id="1BD0AF2C-15C5-FB8F-F24A-8BF8EC89EF9A" name="Competicion">
<createdBy>1gdaw03</createdBy>
<createdTime>2024-04-23 07:09:20 UTC</createdTime>
<ownerDesignName>MER RETO</ownerDesignName>
<engineerTo>
<item key="1DE8E9BE-AAB6-9B0B-CD23-E6DF8AC594DC" value="true"/>
</engineerTo>
<adequatelyNormalized>NO</adequatelyNormalized>
<expectedVolumes>0</expectedVolumes>
<fwdEngineeringStrategyName>Single Table</fwdEngineeringStrategyName>
<growthPercent>0</growthPercent>
<growthType>Year</growthType>
<maxVolumes>9999999</maxVolumes>
<minVolumes>0</minVolumes>
<normalForm>Third</normalForm>
<attributes itemClass="oracle.dbtools.crest.model.design.logical.Attribute">
<Attribute name="id_comp" id="2005EDAD-277B-24E8-E814-616378CBBF7F">
<createdBy>1gdaw03</createdBy>
<createdTime>2024-04-23 07:52:00 UTC</createdTime>
<ownerDesignName>MER RETO</ownerDesignName>
<engineerTo>
<item key="1DE8E9BE-AAB6-9B0B-CD23-E6DF8AC594DC" value="true"/>
</engineerTo>
<useDomainConstraints>false</useDomainConstraints>
<use>1</use>
<logicalDatatype>LOGDT019</logicalDatatype>
<ownDataTypeParameters>,,</ownDataTypeParameters>
</Attribute>
<Attribute name="nombre" id="102B079B-5A6B-E70E-531A-3A3AB1CA0365">
<createdBy>1gdaw03</createdBy>
<createdTime>2024-04-23 07:09:34 UTC</createdTime>
<ownerDesignName>MER RETO</ownerDesignName>
<engineerTo>
<item key="1DE8E9BE-AAB6-9B0B-CD23-E6DF8AC594DC" value="true"/>
</engineerTo>
<useDomainConstraints>false</useDomainConstraints>
<use>1</use>
<logicalDatatype>LOGDT024</logicalDatatype>
<dataTypeSize>50</dataTypeSize>
<ownDataTypeParameters>50,,</ownDataTypeParameters>
</Attribute>
<Attribute name="f_inicio" id="A41AE2AD-CC4D-3C80-ABC0-55B4D84694DE">
<createdBy>1gdaw03</createdBy>
<createdTime>2024-04-23 07:10:26 UTC</createdTime>
<ownerDesignName>MER RETO</ownerDesignName>
<engineerTo>
<item key="1DE8E9BE-AAB6-9B0B-CD23-E6DF8AC594DC" value="true"/>
</engineerTo>
<useDomainConstraints>false</useDomainConstraints>
<use>1</use>
<logicalDatatype>LOGDT007</logicalDatatype>
<ownDataTypeParameters>,,</ownDataTypeParameters>
</Attribute>
<Attribute name="f_finalizacion" id="71E758CB-8965-2CB1-0895-45198DCF3BE2">
<createdBy>1gdaw03</createdBy>
<createdTime>2024-04-23 07:10:43 UTC</createdTime>
<ownerDesignName>MER RETO</ownerDesignName>
<engineerTo>
<item key="1DE8E9BE-AAB6-9B0B-CD23-E6DF8AC594DC" value="true"/>
</engineerTo>
<useDomainConstraints>false</useDomainConstraints>
<use>1</use>
<logicalDatatype>LOGDT007</logicalDatatype>
<ownDataTypeParameters>,,</ownDataTypeParameters>
</Attribute>
<Attribute name="id_juego" id="51A7CE6D-8D94-0504-B58D-134A5EFF42A1">
<createdBy>1gdaw03</createdBy>
<createdTime>2024-04-23 08:30:09 UTC</createdTime>
<generatorID>DB5942DB-E495-A35C-428C-B949ADF33EEC</generatorID>
<ownerDesignName>MER RETO</ownerDesignName>
<engineerTo>
<item key="1DE8E9BE-AAB6-9B0B-CD23-E6DF8AC594DC" value="true"/>
</engineerTo>
<nullsAllowed>true</nullsAllowed>
<referedAttribute>F08B095E-66DB-3BD9-D8DB-2E42884AD974</referedAttribute>
<useDomainConstraints>false</useDomainConstraints>
<use>1</use>
<logicalDatatype>LOGDT019</logicalDatatype>
<ownDataTypeParameters>,,</ownDataTypeParameters>
</Attribute>
</attributes>
<identifiers itemClass="oracle.dbtools.crest.model.design.logical.CandidateKey">
<identifier id="C98A0D68-CC49-4980-4192-1D1B34DECFFC" name="Competicion PK">
<createdBy>1gdaw03</createdBy>
<createdTime>2024-04-23 07:10:14 UTC</createdTime>
<ownerDesignName>MER RETO</ownerDesignName>
<engineerTo>
<item key="1DE8E9BE-AAB6-9B0B-CD23-E6DF8AC594DC" value="true"/>
</engineerTo>
<pk>true</pk>
<usedAttributes>
<attributeRef>2005EDAD-277B-24E8-E814-616378CBBF7F</attributeRef>
</usedAttributes>
</identifier>
</identifiers>
</Entity>