<?xml version = '1.0' encoding = 'UTF-8'?>
<Entity class="oracle.dbtools.crest.model.design.logical.Entity" directorySegmentName="seg_0" id="85B7BAE1-DBAD-3404-F9B9-B53D9B1B714B" name="Jornada">
<createdBy>1gdaw03</createdBy>
<createdTime>2024-04-23 07:41:51 UTC</createdTime>
<ownerDesignName>MER RETO</ownerDesignName>
<engineerTo>
<item key="1DE8E9BE-AAB6-9B0B-CD23-E6DF8AC594DC" value="true"/>
</engineerTo>
<adequatelyNormalized>NO</adequatelyNormalized>
<expectedVolumes>0</expectedVolumes>
<fwdEngineeringStrategyName>Single Table</fwdEngineeringStrategyName>
<growthPercent>0</growthPercent>
<growthType>Year</growthType>
<maxVolumes>9999999</maxVolumes>
<minVolumes>0</minVolumes>
<normalForm>Third</normalForm>
<attributes itemClass="oracle.dbtools.crest.model.design.logical.Attribute">
<Attribute name="n_jornada" id="1D85F504-C6B8-A0DC-D0F2-7EFAE28F861C">
<createdBy>1gdaw03</createdBy>
<createdTime>2024-04-23 07:44:13 UTC</createdTime>
<ownerDesignName>MER RETO</ownerDesignName>
<engineerTo>
<item key="1DE8E9BE-AAB6-9B0B-CD23-E6DF8AC594DC" value="true"/>
</engineerTo>
<useDomainConstraints>false</useDomainConstraints>
<use>1</use>
<logicalDatatype>LOGDT019</logicalDatatype>
<ownDataTypeParameters>,,</ownDataTypeParameters>
</Attribute>
<Attribute name="fecha" id="0AD98E94-1D7E-EE11-85E4-A1858CAF5CC0">
<createdBy>1gdaw03</createdBy>
<createdTime>2024-04-23 07:41:59 UTC</createdTime>
<ownerDesignName>MER RETO</ownerDesignName>
<engineerTo>
<item key="1DE8E9BE-AAB6-9B0B-CD23-E6DF8AC594DC" value="true"/>
</engineerTo>
<useDomainConstraints>false</useDomainConstraints>
<use>1</use>
<logicalDatatype>LOGDT007</logicalDatatype>
<ownDataTypeParameters>,,</ownDataTypeParameters>
</Attribute>
<Attribute name="id_comp" id="7997A5B3-52F8-D445-DB7D-924FFE8593D2">
<createdBy>1gdaw03</createdBy>
<createdTime>2024-04-23 08:31:54 UTC</createdTime>
<generatorID>0D6F6818-7ED6-5E31-3162-9BCE67F6424A</generatorID>
<ownerDesignName>MER RETO</ownerDesignName>
<engineerTo>
<item key="1DE8E9BE-AAB6-9B0B-CD23-E6DF8AC594DC" value="true"/>
</engineerTo>
<referedAttribute>2005EDAD-277B-24E8-E814-616378CBBF7F</referedAttribute>
<useDomainConstraints>false</useDomainConstraints>
<use>1</use>
<logicalDatatype>LOGDT019</logicalDatatype>
<ownDataTypeParameters>,,</ownDataTypeParameters>
</Attribute>
</attributes>
<identifiers itemClass="oracle.dbtools.crest.model.design.logical.CandidateKey">
<identifier id="C407F39F-57AA-B8F1-9070-CECA8389AD35" name="Jornada PK">
<createdBy>1gdaw03</createdBy>
<createdTime>2024-04-23 07:42:31 UTC</createdTime>
<ownerDesignName>MER RETO</ownerDesignName>
<engineerTo>
<item key="1DE8E9BE-AAB6-9B0B-CD23-E6DF8AC594DC" value="true"/>
</engineerTo>
<pk>true</pk>
<usedAttributes>
<attributeRef>1D85F504-C6B8-A0DC-D0F2-7EFAE28F861C</attributeRef>
</usedAttributes>
</identifier>
</identifiers>
</Entity>