<?xml version = '1.0' encoding = 'UTF-8'?>
<Entity class="oracle.dbtools.crest.model.design.logical.Entity" directorySegmentName="seg_0" id="8F82F013-1FE2-C64D-C2F1-7B74AB93A43E" name="Enfrentamiento">
<createdBy>1gdaw03</createdBy>
<createdTime>2024-04-23 07:43:01 UTC</createdTime>
<ownerDesignName>MER RETO</ownerDesignName>
<engineerTo>
<item key="1DE8E9BE-AAB6-9B0B-CD23-E6DF8AC594DC" value="true"/>
</engineerTo>
<adequatelyNormalized>NO</adequatelyNormalized>
<expectedVolumes>0</expectedVolumes>
<fwdEngineeringStrategyName>Single Table</fwdEngineeringStrategyName>
<growthPercent>0</growthPercent>
<growthType>Year</growthType>
<maxVolumes>9999999</maxVolumes>
<minVolumes>0</minVolumes>
<normalForm>Third</normalForm>
<attributes itemClass="oracle.dbtools.crest.model.design.logical.Attribute">
<Attribute name="id_enfr" id="6EEDC9EE-FCC0-D787-6EE3-3C8CF6D179D0">
<createdBy>1gdaw03</createdBy>
<createdTime>2024-04-23 07:43:08 UTC</createdTime>
<ownerDesignName>MER RETO</ownerDesignName>
<engineerTo>
<item key="1DE8E9BE-AAB6-9B0B-CD23-E6DF8AC594DC" value="true"/>
</engineerTo>
<useDomainConstraints>false</useDomainConstraints>
<use>1</use>
<logicalDatatype>LOGDT019</logicalDatatype>
<ownDataTypeParameters>,,</ownDataTypeParameters>
</Attribute>
<Attribute name="hora" id="21B9FBB3-ACBF-AAE4-0C6F-8F4BC7907530">
<createdBy>1gdaw03</createdBy>
<createdTime>2024-04-23 08:00:10 UTC</createdTime>
<ownerDesignName>MER RETO</ownerDesignName>
<engineerTo>
<item key="1DE8E9BE-AAB6-9B0B-CD23-E6DF8AC594DC" value="true"/>
</engineerTo>
<useDomainConstraints>false</useDomainConstraints>
<use>1</use>
<logicalDatatype>LOGDT014</logicalDatatype>
<ownDataTypeParameters>,,</ownDataTypeParameters>
</Attribute>
<Attribute name="n_jornada" id="C37516F0-A7CE-66C3-84C4-76A1B25C233E">
<createdBy>1gdaw03</createdBy>
<createdTime>2024-04-23 08:28:55 UTC</createdTime>
<generatorID>72298D3F-2507-7A7E-251C-DFE41541A671</generatorID>
<ownerDesignName>MER RETO</ownerDesignName>
<engineerTo>
<item key="1DE8E9BE-AAB6-9B0B-CD23-E6DF8AC594DC" value="true"/>
</engineerTo>
<referedAttribute>1D85F504-C6B8-A0DC-D0F2-7EFAE28F861C</referedAttribute>
<useDomainConstraints>false</useDomainConstraints>
<use>1</use>
<logicalDatatype>LOGDT019</logicalDatatype>
<ownDataTypeParameters>,,</ownDataTypeParameters>
</Attribute>
<Attribute name="id_equipo" id="543E57CE-5198-BA9D-3F57-5ADBB7173324">
<createdBy>1gdaw03</createdBy>
<createdTime>2024-04-23 10:17:34 UTC</createdTime>
<generatorID>6BAB1CBE-9CDD-0C05-B82E-DE7E7D002AD9</generatorID>
<ownerDesignName>MER RETO</ownerDesignName>
<engineerTo>
<item key="1DE8E9BE-AAB6-9B0B-CD23-E6DF8AC594DC" value="true"/>
</engineerTo>
<nullsAllowed>true</nullsAllowed>
<referedAttribute>55A634C4-826A-9C33-0404-018C5A61B521</referedAttribute>
<useDomainConstraints>false</useDomainConstraints>
<use>1</use>
<logicalDatatype>LOGDT019</logicalDatatype>
<ownDataTypeParameters>,,</ownDataTypeParameters>
</Attribute>
<Attribute name="id_equipo1" id="8A1C0767-38A8-7AC6-4F28-960A39785A30">
<createdBy>1gdaw03</createdBy>
<createdTime>2024-04-23 10:50:16 UTC</createdTime>
<generatorID>77D4BC65-7EC7-95FE-9EE6-6B0F9939FBD4</generatorID>
<ownerDesignName>MER RETO</ownerDesignName>
<engineerTo>
<item key="1DE8E9BE-AAB6-9B0B-CD23-E6DF8AC594DC" value="true"/>
</engineerTo>
<referedAttribute>55A634C4-826A-9C33-0404-018C5A61B521</referedAttribute>
<useDomainConstraints>false</useDomainConstraints>
<use>1</use>
<logicalDatatype>LOGDT019</logicalDatatype>
<ownDataTypeParameters>,,</ownDataTypeParameters>
</Attribute>
<Attribute name="id_equipo2" id="62EE89AF-8B54-0409-174D-5FB2C20777A5">
<createdBy>1gdaw03</createdBy>
<createdTime>2024-04-23 10:50:43 UTC</createdTime>
<generatorID>74A6BE25-DB6C-72E5-C2B9-0EE9A35EA6C2</generatorID>
<ownerDesignName>MER RETO</ownerDesignName>
<engineerTo>
<item key="1DE8E9BE-AAB6-9B0B-CD23-E6DF8AC594DC" value="true"/>
</engineerTo>
<referedAttribute>55A634C4-826A-9C33-0404-018C5A61B521</referedAttribute>
<useDomainConstraints>false</useDomainConstraints>
<use>1</use>
<logicalDatatype>LOGDT019</logicalDatatype>
<ownDataTypeParameters>,,</ownDataTypeParameters>
</Attribute>
</attributes>
<identifiers itemClass="oracle.dbtools.crest.model.design.logical.CandidateKey">
<identifier id="912743D9-EDFA-70A1-177A-BD2CC200CE6E" name="Enfrentamiento PK">
<createdBy>1gdaw03</createdBy>
<createdTime>2024-04-23 07:55:28 UTC</createdTime>
<ownerDesignName>MER RETO</ownerDesignName>
<engineerTo>
<item key="1DE8E9BE-AAB6-9B0B-CD23-E6DF8AC594DC" value="true"/>
</engineerTo>
<pk>true</pk>
<usedAttributes>
<attributeRef>6EEDC9EE-FCC0-D787-6EE3-3C8CF6D179D0</attributeRef>
</usedAttributes>
</identifier>
</identifiers>
</Entity>