<?xml version = '1.0' encoding = 'UTF-8'?>
<Entity class="oracle.dbtools.crest.model.design.logical.Entity" directorySegmentName="seg_0" id="BEB972AA-FF3B-EDAC-4601-CB12CDC35AE3" name="Equipo">
<createdBy>1gdaw03</createdBy>
<createdTime>2024-04-23 07:14:58 UTC</createdTime>
<ownerDesignName>MER RETO</ownerDesignName>
<engineerTo>
<item key="1DE8E9BE-AAB6-9B0B-CD23-E6DF8AC594DC" value="true"/>
</engineerTo>
<adequatelyNormalized>NO</adequatelyNormalized>
<expectedVolumes>0</expectedVolumes>
<fwdEngineeringStrategyName>Single Table</fwdEngineeringStrategyName>
<growthPercent>0</growthPercent>
<growthType>Year</growthType>
<maxVolumes>9999999</maxVolumes>
<minVolumes>0</minVolumes>
<normalForm>Third</normalForm>
<attributes itemClass="oracle.dbtools.crest.model.design.logical.Attribute">
<Attribute name="id_equipo" id="55A634C4-826A-9C33-0404-018C5A61B521">
<createdBy>1gdaw03</createdBy>
<createdTime>2024-04-23 07:54:02 UTC</createdTime>
<ownerDesignName>MER RETO</ownerDesignName>
<engineerTo>
<item key="1DE8E9BE-AAB6-9B0B-CD23-E6DF8AC594DC" value="true"/>
</engineerTo>
<useDomainConstraints>false</useDomainConstraints>
<use>1</use>
<logicalDatatype>LOGDT019</logicalDatatype>
<ownDataTypeParameters>,,</ownDataTypeParameters>
</Attribute>
<Attribute name="nombre" id="3AEEFA01-EB5B-B74B-CCB4-6D7866A58C06">
<createdBy>1gdaw03</createdBy>
<createdTime>2024-04-23 07:15:05 UTC</createdTime>
<ownerDesignName>MER RETO</ownerDesignName>
<engineerTo>
<item key="1DE8E9BE-AAB6-9B0B-CD23-E6DF8AC594DC" value="true"/>
</engineerTo>
<useDomainConstraints>false</useDomainConstraints>
<use>1</use>
<logicalDatatype>LOGDT024</logicalDatatype>
<dataTypeSize>50</dataTypeSize>
<ownDataTypeParameters>50,,</ownDataTypeParameters>
</Attribute>
<Attribute name="f_fundacion" id="67FDA7AF-0505-138E-C0C2-2B966D3DC182">
<createdBy>1gdaw03</createdBy>
<createdTime>2024-04-23 07:15:22 UTC</createdTime>
<ownerDesignName>MER RETO</ownerDesignName>
<engineerTo>
<item key="1DE8E9BE-AAB6-9B0B-CD23-E6DF8AC594DC" value="true"/>
</engineerTo>
<useDomainConstraints>false</useDomainConstraints>
<use>1</use>
<logicalDatatype>LOGDT007</logicalDatatype>
<ownDataTypeParameters>,,</ownDataTypeParameters>
</Attribute>
<Attribute name="id_enfr1" id="CE7E69DD-937D-ED25-1982-03B64FDCF7D5">
<createdBy>1gdaw03</createdBy>
<createdTime>2024-04-23 10:17:34 UTC</createdTime>
<generatorID>6BAB1CBE-9CDD-0C05-B82E-DE7E7D002AD9</generatorID>
<ownerDesignName>MER RETO</ownerDesignName>
<engineerTo>
<item key="1DE8E9BE-AAB6-9B0B-CD23-E6DF8AC594DC" value="true"/>
</engineerTo>
<nullsAllowed>true</nullsAllowed>
<referedAttribute>6EEDC9EE-FCC0-D787-6EE3-3C8CF6D179D0</referedAttribute>
<useDomainConstraints>false</useDomainConstraints>
<use>1</use>
<logicalDatatype>LOGDT019</logicalDatatype>
<ownDataTypeParameters>,,</ownDataTypeParameters>
</Attribute>
<Attribute name="puntuacion" id="01A5655D-D5C4-8804-577A-8DACB81DA30B">
<createdBy>1gdaw03</createdBy>
<createdTime>2024-04-23 10:24:52 UTC</createdTime>
<ownerDesignName>MER RETO</ownerDesignName>
<engineerTo>
<item key="1DE8E9BE-AAB6-9B0B-CD23-E6DF8AC594DC" value="true"/>
</engineerTo>
<useDomainConstraints>false</useDomainConstraints>
<use>1</use>
<logicalDatatype>LOGDT019</logicalDatatype>
<ownDataTypeParameters>,,</ownDataTypeParameters>
</Attribute>
<Attribute name="id_enfr2" id="21A3DF99-71A5-F960-4F0B-0754A9F28F7D">
<createdBy>1gdaw03</createdBy>
<createdTime>2024-04-23 10:50:16 UTC</createdTime>
<generatorID>77D4BC65-7EC7-95FE-9EE6-6B0F9939FBD4</generatorID>
<ownerDesignName>MER RETO</ownerDesignName>
<engineerTo>
<item key="1DE8E9BE-AAB6-9B0B-CD23-E6DF8AC594DC" value="true"/>
</engineerTo>
<referedAttribute>6EEDC9EE-FCC0-D787-6EE3-3C8CF6D179D0</referedAttribute>
<useDomainConstraints>false</useDomainConstraints>
<use>1</use>
<logicalDatatype>LOGDT019</logicalDatatype>
<ownDataTypeParameters>,,</ownDataTypeParameters>
</Attribute>
<Attribute name="id_enfr" id="E7EAB77D-C00D-B2BC-F7FE-3BBC0EF56BAB">
<createdBy>1gdaw03</createdBy>
<createdTime>2024-04-23 10:51:36 UTC</createdTime>
<generatorID>74A6BE25-DB6C-72E5-C2B9-0EE9A35EA6C2</generatorID>
<ownerDesignName>MER RETO</ownerDesignName>
<engineerTo>
<item key="1DE8E9BE-AAB6-9B0B-CD23-E6DF8AC594DC" value="true"/>
</engineerTo>
<referedAttribute>6EEDC9EE-FCC0-D787-6EE3-3C8CF6D179D0</referedAttribute>
<useDomainConstraints>false</useDomainConstraints>
<use>1</use>
<logicalDatatype>LOGDT019</logicalDatatype>
<ownDataTypeParameters>,,</ownDataTypeParameters>
</Attribute>
</attributes>
<identifiers itemClass="oracle.dbtools.crest.model.design.logical.CandidateKey">
<identifier id="B5F86DE4-DEB9-5E6A-728C-8D8B30785AC0" name="Equipo PK">
<createdBy>1gdaw03</createdBy>
<createdTime>2024-04-23 07:15:15 UTC</createdTime>
<ownerDesignName>MER RETO</ownerDesignName>
<engineerTo>
<item key="1DE8E9BE-AAB6-9B0B-CD23-E6DF8AC594DC" value="true"/>
</engineerTo>
<pk>true</pk>
<usedAttributes>
<attributeRef>55A634C4-826A-9C33-0404-018C5A61B521</attributeRef>
</usedAttributes>
</identifier>
</identifiers>
</Entity>