<?xml version = '1.0' encoding = 'UTF-8'?>
<Relation class="oracle.dbtools.crest.model.design.logical.Relation" name="Relation_7" directorySegmentName="seg_0" id="0D6F6818-7ED6-5E31-3162-9BCE67F6424A">
<createdBy>1gdaw03</createdBy>
<createdTime>2024-04-23 08:31:19 UTC</createdTime>
<ownerDesignName>MER RETO</ownerDesignName>
<engineerTo>
<item key="1DE8E9BE-AAB6-9B0B-CD23-E6DF8AC594DC" value="true"/>
</engineerTo>
<sourcePk>C98A0D68-CC49-4980-4192-1D1B34DECFFC</sourcePk>
<targetPk>C407F39F-57AA-B8F1-9070-CECA8389AD35</targetPk>
<identifying>false</identifying>
<nameOnSource>tiene</nameOnSource>
<nameOnTarget>está</nameOnTarget>
<optionalSource>false</optionalSource>
<optionalTarget>false</optionalTarget>
<sourceCardinality>1</sourceCardinality>
<sourceEntity>1BD0AF2C-15C5-FB8F-F24A-8BF8EC89EF9A</sourceEntity>
<targetCardinalityString>*</targetCardinalityString>
<targetEntity>85B7BAE1-DBAD-3404-F9B9-B53D9B1B714B</targetEntity>
<transferable>true</transferable>
<deleteRule>NO ACTION</deleteRule>
</Relation>