<?xml version = '1.0' encoding = 'UTF-8'?>
<Diagram class="oracle.dbtools.crest.swingui.logical.DPVLogical" name="Logical" id="C497C3F6-04D3-C57A-5AA1-34F3613FA1F1">
<createdBy>1gdaw03</createdBy>
<modifiedBy>1gdaw03</modifiedBy>
<createdTime>2024-04-23 07:09:06 UTC</createdTime>
<autoRoute>false</autoRoute>
<boxInbox>true</boxInbox>
<showLegend>false</showLegend>
<showLabels>true</showLabels>
<showRelAttributes>true</showRelAttributes>
<gridEnabled>false</gridEnabled>
<showGrid>false</showGrid>
<diagramColor>-1</diagramColor>
<display>false</display>
<notation>1</notation>
<objectViews>
<OView class="oracle.dbtools.crest.swingui.TVNote" oid="01315EF1-5598-7C2E-F473-FE1CA96A299D" otype="Note" vid="3E53F734-36D1-842F-7BF1-D3E338882A4A">
<hideElementsInCurrentOnly>false</hideElementsInCurrentOnly>
<bounds x="196" y="291" width="111" height="152"/>
<useDefaultColor>false</useDefaultColor>
<backgroundColor>-6684775</backgroundColor>
<foregroundColor>-16777216</foregroundColor>
<comment>Salario mínimo de los jugadores debe ser mayor que el salario mínimo interprofesional.

Salario total de los jugadores no podrá superar los 200.000 euros.</comment>
</OView>
<OView class="oracle.dbtools.crest.swingui.logical.TVEntity" oid="02CA565C-6A0E-EACE-F5E7-240FB6ACF910" otype="Entity" vid="31BFE791-2F9A-34A2-4EB2-128DB5228279">
<hideElementsInCurrentOnly>false</hideElementsInCurrentOnly>
<bounds x="316" y="306" width="150" height="137"/>
</OView>
<OView class="oracle.dbtools.crest.swingui.logical.TVEntity" oid="043BFB2B-496F-E41C-E8E7-AACFB32AE8F2" otype="Entity" vid="3D0B93FB-533C-B858-CBD6-D457F7487ED7">
<hideElementsInCurrentOnly>false</hideElementsInCurrentOnly>
<bounds x="1468" y="90" width="170" height="110"/>
</OView>
<OView class="oracle.dbtools.crest.swingui.logical.TVEntity" oid="0C8A3AB6-DD9B-17FC-1D1D-F6809C587A19" otype="Entity" vid="60009FB6-8767-F944-BAA2-477C7D8F4A52">
<hideElementsInCurrentOnly>false</hideElementsInCurrentOnly>
<bounds x="1466" y="484" width="170" height="110"/>
</OView>
<OView class="oracle.dbtools.crest.swingui.logical.TVEntity" oid="1749FCFC-1CBB-2275-0832-B32289997F4D" otype="Entity" vid="FE6D56D9-C493-6DE7-830D-5F3FF865A716">
<hideElementsInCurrentOnly>false</hideElementsInCurrentOnly>
<bounds x="1466" y="218" width="170" height="110"/>
</OView>
<OView class="oracle.dbtools.crest.swingui.logical.TVEntity" oid="1BD0AF2C-15C5-FB8F-F24A-8BF8EC89EF9A" otype="Entity" vid="8B51D143-49A8-724E-D3DC-59241412494B">
<hideElementsInCurrentOnly>false</hideElementsInCurrentOnly>
<bounds x="935" y="255" width="160" height="124"/>
</OView>
<OView class="oracle.dbtools.crest.swingui.logical.TVEntity" oid="20141034-11AF-EA6E-DD65-7012228D783B" otype="Entity" vid="F1C64D85-A9E6-1E6C-C4C8-B9E2DCA60634">
<hideElementsInCurrentOnly>false</hideElementsInCurrentOnly>
<bounds x="1467" y="355" width="170" height="110"/>
</OView>
<OView class="oracle.dbtools.crest.swingui.logical.TVEntity" oid="243A0CF4-F8A6-7562-2E16-F3484EC4F303" otype="Entity" vid="F1C977E3-A264-7F2D-5FDC-5CD2B1F350CC">
<hideElementsInCurrentOnly>false</hideElementsInCurrentOnly>
<bounds x="257" y="155" width="170" height="110"/>
</OView>
<OView class="oracle.dbtools.crest.swingui.TVNote" oid="5AC4E6E1-6838-F876-E906-507830A42A97" otype="Note" vid="122762CF-8DB5-3EB0-D58C-C84BB6666B96">
<hideElementsInCurrentOnly>false</hideElementsInCurrentOnly>
<bounds x="1176" y="434" width="176" height="107"/>
<useDefaultColor>false</useDefaultColor>
<backgroundColor>-6684775</backgroundColor>
<foregroundColor>-16777216</foregroundColor>
<comment>La competición tendrá una jornada por semana, que se jugará integramente en un día.

Las jornadas no se podrán generar si hay equipos sin jugadores o con menos de dos jugadores.</comment>
</OView>
<OView class="oracle.dbtools.crest.swingui.TVNote" oid="67146C75-218E-526C-6EF9-D4EA89166FB0" otype="Note" vid="69554FBD-8AA8-945D-1586-C7A4A1F814B3">
<hideElementsInCurrentOnly>false</hideElementsInCurrentOnly>
<bounds x="512" y="10" width="164" height="120"/>
<useDefaultColor>false</useDefaultColor>
<backgroundColor>-6684775</backgroundColor>
<foregroundColor>-16777216</foregroundColor>
<comment>Cada equipo estará formado por un máximo de seis jugadores y un mínimo de 2.

El equipo deberá tener al menos un entrenador. Además puede que haya un asistente de entrenador.</comment>
</OView>
<OView class="oracle.dbtools.crest.swingui.TVNote" oid="6BAC2C00-B4B1-8C19-C376-B6317F5AEE39" otype="Note" vid="9F404499-0627-2F97-DD4D-A2B21BB79085">
<hideElementsInCurrentOnly>false</hideElementsInCurrentOnly>
<bounds x="700" y="55" width="95" height="74"/>
<useDefaultColor>false</useDefaultColor>
<backgroundColor>-6684775</backgroundColor>
<foregroundColor>-16777216</foregroundColor>
<comment>El número de equipos de cada competición será par.

</comment>
</OView>
<OView class="oracle.dbtools.crest.swingui.logical.TVEntity" oid="85B7BAE1-DBAD-3404-F9B9-B53D9B1B714B" otype="Entity" vid="570ED9E4-CD21-9692-8A2C-45F73C8372C8">
<hideElementsInCurrentOnly>false</hideElementsInCurrentOnly>
<bounds x="1176" y="313" width="170" height="110"/>
</OView>
<OView class="oracle.dbtools.crest.swingui.logical.TVEntity" oid="8F82F013-1FE2-C64D-C2F1-7B74AB93A43E" otype="Entity" vid="E602A9BB-0FED-17AC-A853-1D95ED7C7960">
<hideElementsInCurrentOnly>false</hideElementsInCurrentOnly>
<bounds x="1174" y="75" width="170" height="157"/>
</OView>
<OView class="oracle.dbtools.crest.swingui.logical.TVEntity" oid="B2233898-E8E3-6772-D5DD-F9F065D3A3CB" otype="Entity" vid="903F598B-7859-6B3A-1A0F-72EEB27187D4">
<hideElementsInCurrentOnly>false</hideElementsInCurrentOnly>
<bounds x="597" y="506" width="148" height="83"/>
</OView>
<OView class="oracle.dbtools.crest.swingui.logical.TVEntity" oid="BEB972AA-FF3B-EDAC-4601-CB12CDC35AE3" otype="Entity" vid="460F0A74-70C9-09AF-2BA2-51A3843A426B">
<hideElementsInCurrentOnly>false</hideElementsInCurrentOnly>
<bounds x="612" y="138" width="170" height="191"/>
</OView>
<OView class="oracle.dbtools.crest.swingui.logical.TVEntity" oid="DB29A340-9E38-04B0-1032-CB6BAAB9EE6A" otype="Entity" vid="E4264DEA-CFB5-B20D-76EB-1FACEC5E153A">
<hideElementsInCurrentOnly>false</hideElementsInCurrentOnly>
<bounds x="881" y="435" width="170" height="110"/>
</OView>
</objectViews>
<connectors>
<Connector class="oracle.dbtools.crest.swingui.logical.TVRelation" oid="0D6F6818-7ED6-5E31-3162-9BCE67F6424A" otype="Relation" vid_source="8B51D143-49A8-724E-D3DC-59241412494B" vid_target="570ED9E4-CD21-9692-8A2C-45F73C8372C8">
<hideElementsInCurrentOnly>false</hideElementsInCurrentOnly>
<backgroundColor>-16777216</backgroundColor>
<lineWidth>1</lineWidth>
<sourceLabel class="oracle.dbtools.crest.model.design.Label">
<site>0</site>
<labelBounds x="1105" y="303" width="39" height="30"/>
<noBackgroundColor>true</noBackgroundColor>
<noForegroundColor>true</noForegroundColor>
</sourceLabel>
<targetLabel class="oracle.dbtools.crest.model.design.Label">
<site>2</site>
<labelBounds x="1136" y="336" width="34" height="30"/>
<noBackgroundColor>true</noBackgroundColor>
<noForegroundColor>true</noForegroundColor>
</targetLabel>
<points>
<point x="1095" y="333"/>
<point x="1176" y="333"/>
</points>
</Connector>
<Connector class="oracle.dbtools.crest.swingui.logical.TVRelation" oid="1A3112E7-42E8-5824-7689-D9A604847A37" otype="Relation" vid_source="460F0A74-70C9-09AF-2BA2-51A3843A426B" vid_target="8B51D143-49A8-724E-D3DC-59241412494B">
<hideElementsInCurrentOnly>false</hideElementsInCurrentOnly>
<backgroundColor>-16777216</backgroundColor>
<lineWidth>1</lineWidth>
<sourceLabel class="oracle.dbtools.crest.model.design.Label">
<site>0</site>
<labelBounds x="792" y="273" width="57" height="30"/>
<noBackgroundColor>true</noBackgroundColor>
<noForegroundColor>true</noForegroundColor>
</sourceLabel>
<targetLabel class="oracle.dbtools.crest.model.design.Label">
<site>2</site>
<labelBounds x="890" y="292" width="39" height="30"/>
<noBackgroundColor>true</noBackgroundColor>
<noForegroundColor>true</noForegroundColor>
</targetLabel>
<points>
<point x="782" y="273"/>
<point x="935" y="292"/>
</points>
</Connector>
<Connector class="oracle.dbtools.crest.swingui.logical.TVRelation" oid="6BAB1CBE-9CDD-0C05-B82E-DE7E7D002AD9" otype="Relation" vid_source="460F0A74-70C9-09AF-2BA2-51A3843A426B" vid_target="E602A9BB-0FED-17AC-A853-1D95ED7C7960">
<hideElementsInCurrentOnly>false</hideElementsInCurrentOnly>
<backgroundColor>-16777216</backgroundColor>
<lineWidth>1</lineWidth>
<sourceLabel class="oracle.dbtools.crest.model.design.Label">
<site>0</site>
<labelBounds x="792" y="202" width="39" height="30"/>
<noBackgroundColor>true</noBackgroundColor>
<noForegroundColor>true</noForegroundColor>
</sourceLabel>
<targetLabel class="oracle.dbtools.crest.model.design.Label">
<site>2</site>
<labelBounds x="1104" y="182" width="64" height="30"/>
<noBackgroundColor>true</noBackgroundColor>
<noForegroundColor>true</noForegroundColor>
</targetLabel>
<points>
<point x="782" y="202"/>
<point x="1174" y="182"/>
</points>
</Connector>
<Connector class="oracle.dbtools.crest.swingui.logical.TVRelation" oid="72298D3F-2507-7A7E-251C-DFE41541A671" otype="Relation" vid_source="570ED9E4-CD21-9692-8A2C-45F73C8372C8" vid_target="E602A9BB-0FED-17AC-A853-1D95ED7C7960">
<hideElementsInCurrentOnly>false</hideElementsInCurrentOnly>
<backgroundColor>-16777216</backgroundColor>
<lineWidth>1</lineWidth>
<sourceLabel class="oracle.dbtools.crest.model.design.Label">
<site>0</site>
<labelBounds x="1260" y="269" width="39" height="30"/>
<noBackgroundColor>true</noBackgroundColor>
<noForegroundColor>true</noForegroundColor>
</sourceLabel>
<targetLabel class="oracle.dbtools.crest.model.design.Label">
<site>2</site>
<labelBounds x="1260" y="276" width="55" height="30"/>
<noBackgroundColor>true</noBackgroundColor>
<noForegroundColor>true</noForegroundColor>
</targetLabel>
<points>
<point x="1260" y="313"/>
<point x="1260" y="232"/>
</points>
</Connector>
<Connector class="oracle.dbtools.crest.swingui.logical.TVRelation" oid="74A6BE25-DB6C-72E5-C2B9-0EE9A35EA6C2" otype="Relation" vid_source="E602A9BB-0FED-17AC-A853-1D95ED7C7960" vid_target="460F0A74-70C9-09AF-2BA2-51A3843A426B">
<hideElementsInCurrentOnly>false</hideElementsInCurrentOnly>
<backgroundColor>-16777216</backgroundColor>
<lineWidth>1</lineWidth>
<sourceLabel class="oracle.dbtools.crest.model.design.Label">
<site>0</site>
<labelBounds x="1129" y="219" width="39" height="30"/>
<noBackgroundColor>true</noBackgroundColor>
<noForegroundColor>true</noForegroundColor>
</sourceLabel>
<targetLabel class="oracle.dbtools.crest.model.design.Label">
<site>2</site>
<labelBounds x="792" y="235" width="57" height="30"/>
<noBackgroundColor>true</noBackgroundColor>
<noForegroundColor>true</noForegroundColor>
</targetLabel>
<points>
<point x="1174" y="219"/>
<point x="782" y="235"/>
</points>
</Connector>
<Connector class="oracle.dbtools.crest.swingui.logical.TVRelation" oid="77D4BC65-7EC7-95FE-9EE6-6B0F9939FBD4" otype="Relation" vid_source="460F0A74-70C9-09AF-2BA2-51A3843A426B" vid_target="E602A9BB-0FED-17AC-A853-1D95ED7C7960">
<hideElementsInCurrentOnly>false</hideElementsInCurrentOnly>
<backgroundColor>-16777216</backgroundColor>
<lineWidth>1</lineWidth>
<sourceLabel class="oracle.dbtools.crest.model.design.Label">
<site>0</site>
<labelBounds x="792" y="170" width="52" height="30"/>
<noBackgroundColor>true</noBackgroundColor>
<noForegroundColor>true</noForegroundColor>
</sourceLabel>
<targetLabel class="oracle.dbtools.crest.model.design.Label">
<site>2</site>
<labelBounds x="1129" y="142" width="39" height="30"/>
<noBackgroundColor>true</noBackgroundColor>
<noForegroundColor>true</noForegroundColor>
</targetLabel>
<points>
<point x="782" y="170"/>
<point x="1174" y="142"/>
</points>
</Connector>
<Connector class="oracle.dbtools.crest.swingui.logical.TVRelation" oid="BAA6BFE4-7427-5B57-6E98-60C0675FD0AF" otype="Relation" vid_source="31BFE791-2F9A-34A2-4EB2-128DB5228279" vid_target="460F0A74-70C9-09AF-2BA2-51A3843A426B">
<hideElementsInCurrentOnly>false</hideElementsInCurrentOnly>
<backgroundColor>-16777216</backgroundColor>
<lineWidth>1</lineWidth>
<sourceLabel class="oracle.dbtools.crest.model.design.Label">
<site>0</site>
<labelBounds x="476" y="317" width="42" height="30"/>
<noBackgroundColor>true</noBackgroundColor>
<noForegroundColor>true</noForegroundColor>
</sourceLabel>
<targetLabel class="oracle.dbtools.crest.model.design.Label">
<site>2</site>
<labelBounds x="567" y="229" width="39" height="30"/>
<noBackgroundColor>true</noBackgroundColor>
<noForegroundColor>true</noForegroundColor>
</targetLabel>
<points>
<point x="466" y="317"/>
<point x="612" y="229"/>
</points>
</Connector>
<Connector class="oracle.dbtools.crest.swingui.logical.TVRelation" oid="DB5942DB-E495-A35C-428C-B949ADF33EEC" otype="Relation" vid_source="E4264DEA-CFB5-B20D-76EB-1FACEC5E153A" vid_target="8B51D143-49A8-724E-D3DC-59241412494B">
<hideElementsInCurrentOnly>false</hideElementsInCurrentOnly>
<backgroundColor>-16777216</backgroundColor>
<lineWidth>1</lineWidth>
<sourceLabel class="oracle.dbtools.crest.model.design.Label">
<site>0</site>
<labelBounds x="971" y="399" width="56" height="30"/>
<noBackgroundColor>true</noBackgroundColor>
<noForegroundColor>true</noForegroundColor>
</sourceLabel>
<targetLabel class="oracle.dbtools.crest.model.design.Label">
<site>2</site>
<labelBounds x="971" y="431" width="39" height="30"/>
<noBackgroundColor>true</noBackgroundColor>
<noForegroundColor>true</noForegroundColor>
</targetLabel>
<points>
<point x="971" y="435"/>
<point x="971" y="379"/>
</points>
</Connector>
<Connector class="oracle.dbtools.crest.swingui.logical.TVRelation" oid="E0EBC88D-B5F8-C43A-F733-230A7F4C3E44" otype="Relation" vid_source="460F0A74-70C9-09AF-2BA2-51A3843A426B" vid_target="F1C977E3-A264-7F2D-5FDC-5CD2B1F350CC">
<hideElementsInCurrentOnly>false</hideElementsInCurrentOnly>
<backgroundColor>-16777216</backgroundColor>
<lineWidth>1</lineWidth>
<sourceLabel class="oracle.dbtools.crest.model.design.Label">
<site>0</site>
<labelBounds x="521" y="202" width="85" height="30"/>
<noBackgroundColor>true</noBackgroundColor>
<noForegroundColor>true</noForegroundColor>
</sourceLabel>
<targetLabel class="oracle.dbtools.crest.model.design.Label">
<site>2</site>
<labelBounds x="437" y="210" width="60" height="30"/>
<noBackgroundColor>true</noBackgroundColor>
<noForegroundColor>true</noForegroundColor>
</targetLabel>
<points>
<point x="612" y="202"/>
<point x="427" y="210"/>
</points>
</Connector>
<Connector class="oracle.dbtools.crest.swingui.logical.TVRelation" oid="E406DAAD-7CB4-6B81-3ABF-68B0EFBB5E94" otype="Relation" vid_source="903F598B-7859-6B3A-1A0F-72EEB27187D4" vid_target="460F0A74-70C9-09AF-2BA2-51A3843A426B">
<hideElementsInCurrentOnly>false</hideElementsInCurrentOnly>
<backgroundColor>-16777216</backgroundColor>
<lineWidth>1</lineWidth>
<sourceLabel class="oracle.dbtools.crest.model.design.Label">
<site>0</site>
<labelBounds x="678" y="470" width="52" height="30"/>
<noBackgroundColor>true</noBackgroundColor>
<noForegroundColor>true</noForegroundColor>
</sourceLabel>
<targetLabel class="oracle.dbtools.crest.model.design.Label">
<site>2</site>
<labelBounds x="678" y="413" width="39" height="88"/>
<noBackgroundColor>true</noBackgroundColor>
<noForegroundColor>true</noForegroundColor>
</targetLabel>
<points>
<point x="678" y="506"/>
<point x="678" y="329"/>
</points>
</Connector>
</connectors>
</Diagram>