<?xml version = '1.0' encoding = 'UTF-8'?>
<Relation class="oracle.dbtools.crest.model.design.logical.Relation" name="Relation_6" directorySegmentName="seg_0" id="1A3112E7-42E8-5824-7689-D9A604847A37">
<createdBy>1gdaw03</createdBy>
<createdTime>2024-04-23 08:30:17 UTC</createdTime>
<ownerDesignName>MER RETO</ownerDesignName>
<engineerTo>
<item key="1DE8E9BE-AAB6-9B0B-CD23-E6DF8AC594DC" value="true"/>
</engineerTo>
<identifying>false</identifying>
<nameOnSource>participa</nameOnSource>
<nameOnTarget>tiene</nameOnTarget>
<optionalSource>false</optionalSource>
<optionalTarget>false</optionalTarget>
<sourceCardinality>*</sourceCardinality>
<sourceEntity>BEB972AA-FF3B-EDAC-4601-CB12CDC35AE3</sourceEntity>
<targetCardinalityString>*</targetCardinalityString>
<targetEntity>1BD0AF2C-15C5-FB8F-F24A-8BF8EC89EF9A</targetEntity>
<transferable>true</transferable>
<deleteRule>NO ACTION</deleteRule>
</Relation>