<?xml version = '1.0' encoding = 'UTF-8'?>
<Relation class="oracle.dbtools.crest.model.design.logical.Relation" name="Relation_9" directorySegmentName="seg_0" id="6BAB1CBE-9CDD-0C05-B82E-DE7E7D002AD9">
<createdBy>1gdaw03</createdBy>
<createdTime>2024-04-23 10:17:14 UTC</createdTime>
<ownerDesignName>MER RETO</ownerDesignName>
<engineerTo>
<item key="1DE8E9BE-AAB6-9B0B-CD23-E6DF8AC594DC" value="true"/>
</engineerTo>
<sourcePk>B5F86DE4-DEB9-5E6A-728C-8D8B30785AC0</sourcePk>
<targetPk>912743D9-EDFA-70A1-177A-BD2CC200CE6E</targetPk>
<identifying>false</identifying>
<nameOnSource>gana</nameOnSource>
<nameOnTarget>es ganado</nameOnTarget>
<optionalSource>false</optionalSource>
<optionalTarget>false</optionalTarget>
<sourceCardinality>1</sourceCardinality>
<sourceEntity>BEB972AA-FF3B-EDAC-4601-CB12CDC35AE3</sourceEntity>
<targetCardinalityString>1</targetCardinalityString>
<targetEntity>8F82F013-1FE2-C64D-C2F1-7B74AB93A43E</targetEntity>
<transferable>true</transferable>
<deleteRule>NO ACTION</deleteRule>
</Relation>