<?xml version = '1.0' encoding = 'UTF-8'?>
<Relation class="oracle.dbtools.crest.model.design.logical.Relation" name="Relation_5" directorySegmentName="seg_0" id="72298D3F-2507-7A7E-251C-DFE41541A671">
<createdBy>1gdaw03</createdBy>
<createdTime>2024-04-23 08:26:59 UTC</createdTime>
<ownerDesignName>MER RETO</ownerDesignName>
<engineerTo>
<item key="1DE8E9BE-AAB6-9B0B-CD23-E6DF8AC594DC" value="true"/>
</engineerTo>
<sourcePk>C407F39F-57AA-B8F1-9070-CECA8389AD35</sourcePk>
<targetPk>912743D9-EDFA-70A1-177A-BD2CC200CE6E</targetPk>
<identifying>false</identifying>
<nameOnSource>tiene</nameOnSource>
<nameOnTarget>se juega</nameOnTarget>
<optionalSource>false</optionalSource>
<optionalTarget>false</optionalTarget>
<sourceCardinality>1</sourceCardinality>
<sourceEntity>85B7BAE1-DBAD-3404-F9B9-B53D9B1B714B</sourceEntity>
<targetCardinalityString>*</targetCardinalityString>
<targetEntity>8F82F013-1FE2-C64D-C2F1-7B74AB93A43E</targetEntity>
<transferable>true</transferable>
<deleteRule>NO ACTION</deleteRule>
</Relation>