<?xml version = '1.0' encoding = 'UTF-8'?>
<Relation class="oracle.dbtools.crest.model.design.logical.Relation" name="patrocinio" directorySegmentName="seg_0" id="E0EBC88D-B5F8-C43A-F733-230A7F4C3E44">
<createdBy>1gdaw03</createdBy>
<createdTime>2024-04-23 08:13:33 UTC</createdTime>
<ownerDesignName>MER RETO</ownerDesignName>
<engineerTo>
<item key="1DE8E9BE-AAB6-9B0B-CD23-E6DF8AC594DC" value="true"/>
</engineerTo>
<identifying>false</identifying>
<nameOnSource>es patrocinado</nameOnSource>
<nameOnTarget>patrocina</nameOnTarget>
<optionalSource>false</optionalSource>
<optionalTarget>false</optionalTarget>
<sourceCardinality>*</sourceCardinality>
<sourceEntity>BEB972AA-FF3B-EDAC-4601-CB12CDC35AE3</sourceEntity>
<targetCardinalityString>*</targetCardinalityString>
<targetEntity>243A0CF4-F8A6-7562-2E16-F3484EC4F303</targetEntity>
<transferable>true</transferable>
<deleteRule>NO ACTION</deleteRule>
</Relation>